{"cameraMode":{"drawMode":0,"name":"Shaded","section":"Shading Mode"},"sceneLighting":true,"audioPlay":false,"sceneViewState":{"showFog":true,"showMaterialUpdate":false,"showSkybox":true,"showFlares":true,"showImageEffects":true,"showParticleSystems":true},"in2DMode":false,"pivot":{"x":35.70103454589844,"y":269.8612365722656,"z":422.07232666015627},"rotation":{"x":-0.11512239277362824,"y":-0.14812393486499787,"z":-0.01738877408206463,"w":0.9821293950080872},"size":192.1811065673828,"orthographic":false}