{"cameraMode":{"drawMode":0,"name":"Shaded","section":"Shading Mode"},"sceneLighting":false,"audioPlay":false,"sceneViewState":{"showFog":true,"showMaterialUpdate":false,"showSkybox":false,"showFlares":true,"showImageEffects":true,"showParticleSystems":true},"in2DMode":false,"pivot":{"x":0.0,"y":0.3538479804992676,"z":0.2478344738483429},"rotation":{"x":-0.6567513942718506,"y":0.34323588013648989,"z":-0.4770933985710144,"w":-0.47256940603256228},"size":5.740189075469971,"orthographic":true}