{"cameraMode":{"drawMode":0,"name":"Shaded","section":"Shading Mode"},"sceneLighting":true,"audioPlay":false,"sceneViewState":{"showFog":true,"showMaterialUpdate":false,"showSkybox":true,"showFlares":true,"showImageEffects":true,"showParticleSystems":true},"in2DMode":false,"pivot":{"x":78.53482818603516,"y":195.5120086669922,"z":521.5933837890625},"rotation":{"x":0.19696404039859773,"y":-0.02323163114488125,"z":0.00462184427306056,"w":0.9801596403121948},"size":62.60344314575195,"orthographic":false}