{"cameraMode":{"drawMode":0,"name":"Shaded","section":"Shading Mode"},"sceneLighting":false,"audioPlay":false,"sceneViewState":{"showFog":true,"showMaterialUpdate":false,"showSkybox":false,"showFlares":true,"showImageEffects":true,"showParticleSystems":true},"in2DMode":false,"pivot":{"x":0.0,"y":0.2478344440460205,"z":-0.3538479804992676},"rotation":{"x":-0.19459016621112824,"y":0.23122170567512513,"z":-0.04722556471824646,"w":-0.952110767364502},"size":4.293230056762695,"orthographic":true}