{"cameraMode":{"drawMode":0,"name":"Shaded","section":"Shading Mode"},"sceneLighting":true,"audioPlay":false,"sceneViewState":{"showFog":true,"showMaterialUpdate":false,"showSkybox":true,"showFlares":true,"showImageEffects":true,"showParticleSystems":true},"in2DMode":false,"pivot":{"x":110.54200744628906,"y":190.81546020507813,"z":447.7198486328125},"rotation":{"x":-0.01005128026008606,"y":0.9649409055709839,"z":-0.2596002221107483,"w":-0.037360869348049167},"size":102.34016418457031,"orthographic":false}